Faculty,jimmy,johnson,jj@gmail.com,HollyWood,8676780,OPEN ALL HOURS,FULLTIME
Address,1999,johnson,Los Angeles,CA,92334
Phone,FAX,323-444-4345
Phone,Home,324-434-3444
Phone,Mobile,323-344-5642
Faculty,jimmy,johnson,jj@gmail.com,HollyWood,8676780,OPEN ALL HOURS,FULLTIME
Address,1999,johnson,Los Angeles,CA,92334
Phone,FAX,323-444-4345
Phone,Home,324-434-3444
Phone,Mobile,323-344-5642
Faculty,jimmy,johnson,jj@gmail.com,HollyWood,8676780,OPEN ALL HOURS,FULLTIME
Address,1999,johnson,Los Angeles,CA,92334
Phone,FAX,323-444-4345
Phone,Home,324-434-3444
Phone,Mobile,323-344-5642
